{
    "name": "zzz-bloosh-goosh",
    "version": "0.69.1",
    "title": "Bloosh Goosh",
    "author": "Loup&Snoop, 2025",
    "factorio_version": "2.0",
    "dependencies": ["base >= 2.0.66"
    ],
    "space_travel_required": true,
    "description": "Quality of life mod to change the icons of all items, recipes, etc into blueprint icons. BLOOSH GOOSH!",
    "homepage": "https://discord.gg/CaDJzEj557",
    "package":{
        "ignore":[ "**/*.mp3", "**/*.xcf", ".vscode/*", "deprecated/*", "screenshots/*"]
    }
}
